{
  "model/models.js": 1673455446373,
  "controller/NotFound.controller.js": 1673455446385,
  "utils/locate-reuse-libs.js": 1673455446370,
  "i18n/i18n.properties": 1673949786163,
  "model/formatter.js": 1673455446391,
  "controller/Worklist.controller.js": 1674129552203,
  "controller/Object.controller.js": 1673455446387,
  "manifest.json": 1674219893728,
  "controller/ErrorHandler.js": 1673455446382,
  "controller/BaseController.js": 1673455446379,
  "controller/App.controller.js": 1673455446379,
  "Component.js": 1673455446360,
  "Component-preload.js": 1674219894341,
  "model/models-dbg.js": 1673455446373,
  "utils/locate-reuse-libs-dbg.js": 1673455446370,
  "model/formatter-dbg.js": 1673455446391,
  "controller/Worklist-dbg.controller.js": 1674129552203,
  "controller/Object-dbg.controller.js": 1673455446387,
  "controller/NotFound-dbg.controller.js": 1673455446385,
  "controller/ErrorHandler-dbg.js": 1673455446382,
  "controller/BaseController-dbg.js": 1673455446379,
  "controller/App-dbg.controller.js": 1673455446379,
  "Component-dbg.js": 1673455446360,
  "view/Worklist.view.xml": 1673871393216,
  "view/ObjectNotFound.view.xml": 1673455446402,
  "view/Object.view.xml": 1673949851701,
  "view/NotFound.view.xml": 1673455446397,
  "view/App.view.xml": 1673455446397,
  "index.html": 1673455446360
}